{
  "A1": {
    "count": 140,
    "quality_count": 140,
    "quality_total_score": 77.20000000000003,
    "quality_max_score": 280.0,
    "end_to_end_max_score": 280.0,
    "quality_score": 0.2757142857142858,
    "end_to_end_score": 0.2757142857142858,
    "ok_rate": 1.0
  },
  "A2": {
    "count": 76,
    "quality_count": 76,
    "quality_total_score": 31.399999999999967,
    "quality_max_score": 152.0,
    "end_to_end_max_score": 152.0,
    "quality_score": 0.20657894736842083,
    "end_to_end_score": 0.20657894736842083,
    "ok_rate": 1.0
  },
  "B1": {
    "count": 210,
    "quality_count": 210,
    "quality_total_score": 48.599999999999945,
    "quality_max_score": 420.0,
    "end_to_end_max_score": 420.0,
    "quality_score": 0.11571428571428559,
    "end_to_end_score": 0.11571428571428559,
    "ok_rate": 1.0
  },
  "B2": {
    "count": 210,
    "quality_count": 210,
    "quality_total_score": 29.399999999999988,
    "quality_max_score": 420.0,
    "end_to_end_max_score": 420.0,
    "quality_score": 0.06999999999999997,
    "end_to_end_score": 0.06999999999999997,
    "ok_rate": 1.0
  },
  "C2": {
    "count": 137,
    "quality_count": 137,
    "quality_total_score": 14.800000000000006,
    "quality_max_score": 548.0,
    "end_to_end_max_score": 548.0,
    "quality_score": 0.027007299270073004,
    "end_to_end_score": 0.027007299270073004,
    "ok_rate": 1.0
  },
  "C3": {
    "count": 13,
    "quality_count": 13,
    "quality_total_score": 6.0,
    "quality_max_score": 52.0,
    "end_to_end_max_score": 52.0,
    "quality_score": 0.11538461538461539,
    "end_to_end_score": 0.11538461538461539,
    "ok_rate": 1.0
  },
  "G1": {
    "count": 112,
    "quality_count": 112,
    "quality_total_score": 54.599999999999966,
    "quality_max_score": 224.0,
    "end_to_end_max_score": 224.0,
    "quality_score": 0.24374999999999986,
    "end_to_end_score": 0.24374999999999986,
    "ok_rate": 1.0
  },
  "G2": {
    "count": 92,
    "quality_count": 92,
    "quality_total_score": 66.79999999999997,
    "quality_max_score": 184.0,
    "end_to_end_max_score": 184.0,
    "quality_score": 0.3630434782608694,
    "end_to_end_score": 0.3630434782608694,
    "ok_rate": 1.0
  }
}