{
  "constrained_generation": {
    "count": 420,
    "quality_count": 420,
    "quality_total_score": 77.99999999999999,
    "quality_max_score": 840.0,
    "end_to_end_max_score": 840.0,
    "quality_score": 0.09285714285714285,
    "end_to_end_score": 0.09285714285714285,
    "ok_rate": 1.0
  },
  "grounding_extraction": {
    "count": 204,
    "quality_count": 204,
    "quality_total_score": 121.40000000000008,
    "quality_max_score": 408.0,
    "end_to_end_max_score": 408.0,
    "quality_score": 0.2975490196078433,
    "end_to_end_score": 0.2975490196078433,
    "ok_rate": 1.0
  },
  "open_planning": {
    "count": 150,
    "quality_count": 150,
    "quality_total_score": 20.80000000000001,
    "quality_max_score": 600.0,
    "end_to_end_max_score": 600.0,
    "quality_score": 0.034666666666666686,
    "end_to_end_score": 0.034666666666666686,
    "ok_rate": 1.0
  },
  "recognition": {
    "count": 216,
    "quality_count": 216,
    "quality_total_score": 108.60000000000002,
    "quality_max_score": 432.0,
    "end_to_end_max_score": 432.0,
    "quality_score": 0.25138888888888894,
    "end_to_end_score": 0.25138888888888894,
    "ok_rate": 1.0
  }
}