{
  "reaction_description": {
    "count": 420,
    "quality_count": 420,
    "quality_total_score": 230.00000000000057,
    "quality_max_score": 840.0,
    "quality_normalized_score": 0.2738095238095245,
    "ok_rate": 1.0
  },
  "text": {
    "count": 420,
    "quality_count": 420,
    "quality_total_score": 80.60000000000004,
    "quality_max_score": 840.0,
    "quality_normalized_score": 0.095952380952381,
    "ok_rate": 1.0
  },
  "full_synthesis": {
    "count": 150,
    "quality_count": 150,
    "quality_total_score": 20.80000000000001,
    "quality_max_score": 600.0,
    "quality_normalized_score": 0.034666666666666686,
    "ok_rate": 1.0
  }
}