{
  "condition_role_identification": {
    "count": 92,
    "quality_count": 92,
    "quality_total_score": 66.79999999999997,
    "quality_max_score": 184.0,
    "end_to_end_max_score": 184.0,
    "quality_score": 0.3630434782608694,
    "end_to_end_score": 0.3630434782608694,
    "ok_rate": 1.0
  },
  "immediate_precursor_prediction": {
    "count": 210,
    "quality_count": 210,
    "quality_total_score": 48.599999999999945,
    "quality_max_score": 420.0,
    "end_to_end_max_score": 420.0,
    "quality_score": 0.11571428571428559,
    "end_to_end_score": 0.11571428571428559,
    "ok_rate": 1.0
  },
  "immediate_precursor_with_disconnection": {
    "count": 210,
    "quality_count": 210,
    "quality_total_score": 29.399999999999988,
    "quality_max_score": 420.0,
    "end_to_end_max_score": 420.0,
    "quality_score": 0.06999999999999997,
    "end_to_end_score": 0.06999999999999997,
    "ok_rate": 1.0
  },
  "mechanistic_classification": {
    "count": 76,
    "quality_count": 76,
    "quality_total_score": 31.399999999999967,
    "quality_max_score": 152.0,
    "end_to_end_max_score": 152.0,
    "quality_score": 0.20657894736842083,
    "end_to_end_score": 0.20657894736842083,
    "ok_rate": 1.0
  },
  "reaction_center_identification": {
    "count": 76,
    "quality_count": 76,
    "quality_total_score": 22.800000000000004,
    "quality_max_score": 152.0,
    "end_to_end_max_score": 152.0,
    "quality_score": 0.15000000000000002,
    "end_to_end_score": 0.15000000000000002,
    "ok_rate": 1.0
  },
  "reagent_role_identification": {
    "count": 112,
    "quality_count": 112,
    "quality_total_score": 54.599999999999966,
    "quality_max_score": 224.0,
    "end_to_end_max_score": 224.0,
    "quality_score": 0.24374999999999986,
    "end_to_end_score": 0.24374999999999986,
    "ok_rate": 1.0
  },
  "reference_route_planning": {
    "count": 137,
    "quality_count": 137,
    "quality_total_score": 14.800000000000006,
    "quality_max_score": 548.0,
    "end_to_end_max_score": 548.0,
    "quality_score": 0.027007299270073004,
    "end_to_end_score": 0.027007299270073004,
    "ok_rate": 1.0
  },
  "route_design": {
    "count": 13,
    "quality_count": 13,
    "quality_total_score": 6.0,
    "quality_max_score": 52.0,
    "end_to_end_max_score": 52.0,
    "quality_score": 0.11538461538461539,
    "end_to_end_score": 0.11538461538461539,
    "ok_rate": 1.0
  },
  "transformation_classification": {
    "count": 64,
    "quality_count": 64,
    "quality_total_score": 54.4,
    "quality_max_score": 128.0,
    "end_to_end_max_score": 128.0,
    "quality_score": 0.425,
    "end_to_end_score": 0.425,
    "ok_rate": 1.0
  }
}