{
  "total_rows": 990,
  "overall_quality_total_score": 328.8,
  "overall_quality_max_score": 2280.0,
  "overall_quality_score": 0.14421052631578948,
  "overall_end_to_end_score": 0.14421052631578948,
  "judge_input_tokens_total": 3262423,
  "judge_output_tokens_total": 538302,
  "judge_total_tokens_total": 3800725,
  "judge_reasoning_tokens_total": 302957,
  "judge_requests_total": 990,
  "judge_tool_calls_total": 0,
  "reliability_ok_count": 990,
  "reliability_ok_rate": 1.0,
  "infra_error_count": {},
  "infra_error_rate": {},
  "errors_sample": [],
  "taxonomy_version": "benchmark_taxonomy",
  "core_suites": [
    "A",
    "B",
    "C"
  ],
  "auxiliary_suites": [
    "G"
  ],
  "macro_depth_quality_score": 0.12630423280423284,
  "macro_depth_end_to_end_score": 0.12630423280423284,
  "auxiliary_grounding_quality_score": 0.2975490196078433,
  "auxiliary_grounding_end_to_end_score": 0.2975490196078433,
  "breakdown_by_suite": {
    "A": {
      "count": 216,
      "quality_count": 216,
      "quality_total_score": 108.60000000000002,
      "quality_max_score": 432.0,
      "end_to_end_max_score": 432.0,
      "quality_score": 0.25138888888888894,
      "end_to_end_score": 0.25138888888888894,
      "ok_rate": 1.0
    },
    "B": {
      "count": 420,
      "quality_count": 420,
      "quality_total_score": 77.99999999999999,
      "quality_max_score": 840.0,
      "end_to_end_max_score": 840.0,
      "quality_score": 0.09285714285714285,
      "end_to_end_score": 0.09285714285714285,
      "ok_rate": 1.0
    },
    "C": {
      "count": 150,
      "quality_count": 150,
      "quality_total_score": 20.80000000000001,
      "quality_max_score": 600.0,
      "end_to_end_max_score": 600.0,
      "quality_score": 0.034666666666666686,
      "end_to_end_score": 0.034666666666666686,
      "ok_rate": 1.0
    },
    "G": {
      "count": 204,
      "quality_count": 204,
      "quality_total_score": 121.40000000000008,
      "quality_max_score": 408.0,
      "end_to_end_max_score": 408.0,
      "quality_score": 0.2975490196078433,
      "end_to_end_score": 0.2975490196078433,
      "ok_rate": 1.0
    }
  },
  "breakdown_by_subtrack": {
    "A1": {
      "count": 140,
      "quality_count": 140,
      "quality_total_score": 77.20000000000003,
      "quality_max_score": 280.0,
      "end_to_end_max_score": 280.0,
      "quality_score": 0.2757142857142858,
      "end_to_end_score": 0.2757142857142858,
      "ok_rate": 1.0
    },
    "A2": {
      "count": 76,
      "quality_count": 76,
      "quality_total_score": 31.399999999999967,
      "quality_max_score": 152.0,
      "end_to_end_max_score": 152.0,
      "quality_score": 0.20657894736842083,
      "end_to_end_score": 0.20657894736842083,
      "ok_rate": 1.0
    },
    "B1": {
      "count": 210,
      "quality_count": 210,
      "quality_total_score": 48.599999999999945,
      "quality_max_score": 420.0,
      "end_to_end_max_score": 420.0,
      "quality_score": 0.11571428571428559,
      "end_to_end_score": 0.11571428571428559,
      "ok_rate": 1.0
    },
    "B2": {
      "count": 210,
      "quality_count": 210,
      "quality_total_score": 29.399999999999988,
      "quality_max_score": 420.0,
      "end_to_end_max_score": 420.0,
      "quality_score": 0.06999999999999997,
      "end_to_end_score": 0.06999999999999997,
      "ok_rate": 1.0
    },
    "C2": {
      "count": 137,
      "quality_count": 137,
      "quality_total_score": 14.800000000000006,
      "quality_max_score": 548.0,
      "end_to_end_max_score": 548.0,
      "quality_score": 0.027007299270073004,
      "end_to_end_score": 0.027007299270073004,
      "ok_rate": 1.0
    },
    "C3": {
      "count": 13,
      "quality_count": 13,
      "quality_total_score": 6.0,
      "quality_max_score": 52.0,
      "end_to_end_max_score": 52.0,
      "quality_score": 0.11538461538461539,
      "end_to_end_score": 0.11538461538461539,
      "ok_rate": 1.0
    },
    "G1": {
      "count": 112,
      "quality_count": 112,
      "quality_total_score": 54.599999999999966,
      "quality_max_score": 224.0,
      "end_to_end_max_score": 224.0,
      "quality_score": 0.24374999999999986,
      "end_to_end_score": 0.24374999999999986,
      "ok_rate": 1.0
    },
    "G2": {
      "count": 92,
      "quality_count": 92,
      "quality_total_score": 66.79999999999997,
      "quality_max_score": 184.0,
      "end_to_end_max_score": 184.0,
      "quality_score": 0.3630434782608694,
      "end_to_end_score": 0.3630434782608694,
      "ok_rate": 1.0
    }
  },
  "breakdown_by_task_subtype": {
    "condition_role_identification": {
      "count": 92,
      "quality_count": 92,
      "quality_total_score": 66.79999999999997,
      "quality_max_score": 184.0,
      "end_to_end_max_score": 184.0,
      "quality_score": 0.3630434782608694,
      "end_to_end_score": 0.3630434782608694,
      "ok_rate": 1.0
    },
    "immediate_precursor_prediction": {
      "count": 210,
      "quality_count": 210,
      "quality_total_score": 48.599999999999945,
      "quality_max_score": 420.0,
      "end_to_end_max_score": 420.0,
      "quality_score": 0.11571428571428559,
      "end_to_end_score": 0.11571428571428559,
      "ok_rate": 1.0
    },
    "immediate_precursor_with_disconnection": {
      "count": 210,
      "quality_count": 210,
      "quality_total_score": 29.399999999999988,
      "quality_max_score": 420.0,
      "end_to_end_max_score": 420.0,
      "quality_score": 0.06999999999999997,
      "end_to_end_score": 0.06999999999999997,
      "ok_rate": 1.0
    },
    "mechanistic_classification": {
      "count": 76,
      "quality_count": 76,
      "quality_total_score": 31.399999999999967,
      "quality_max_score": 152.0,
      "end_to_end_max_score": 152.0,
      "quality_score": 0.20657894736842083,
      "end_to_end_score": 0.20657894736842083,
      "ok_rate": 1.0
    },
    "reaction_center_identification": {
      "count": 76,
      "quality_count": 76,
      "quality_total_score": 22.800000000000004,
      "quality_max_score": 152.0,
      "end_to_end_max_score": 152.0,
      "quality_score": 0.15000000000000002,
      "end_to_end_score": 0.15000000000000002,
      "ok_rate": 1.0
    },
    "reagent_role_identification": {
      "count": 112,
      "quality_count": 112,
      "quality_total_score": 54.599999999999966,
      "quality_max_score": 224.0,
      "end_to_end_max_score": 224.0,
      "quality_score": 0.24374999999999986,
      "end_to_end_score": 0.24374999999999986,
      "ok_rate": 1.0
    },
    "reference_route_planning": {
      "count": 137,
      "quality_count": 137,
      "quality_total_score": 14.800000000000006,
      "quality_max_score": 548.0,
      "end_to_end_max_score": 548.0,
      "quality_score": 0.027007299270073004,
      "end_to_end_score": 0.027007299270073004,
      "ok_rate": 1.0
    },
    "route_design": {
      "count": 13,
      "quality_count": 13,
      "quality_total_score": 6.0,
      "quality_max_score": 52.0,
      "end_to_end_max_score": 52.0,
      "quality_score": 0.11538461538461539,
      "end_to_end_score": 0.11538461538461539,
      "ok_rate": 1.0
    },
    "transformation_classification": {
      "count": 64,
      "quality_count": 64,
      "quality_total_score": 54.4,
      "quality_max_score": 128.0,
      "end_to_end_max_score": 128.0,
      "quality_score": 0.425,
      "end_to_end_score": 0.425,
      "ok_rate": 1.0
    }
  },
  "breakdown_by_task_mode": {
    "constrained_generation": {
      "count": 420,
      "quality_count": 420,
      "quality_total_score": 77.99999999999999,
      "quality_max_score": 840.0,
      "end_to_end_max_score": 840.0,
      "quality_score": 0.09285714285714285,
      "end_to_end_score": 0.09285714285714285,
      "ok_rate": 1.0
    },
    "grounding_extraction": {
      "count": 204,
      "quality_count": 204,
      "quality_total_score": 121.40000000000008,
      "quality_max_score": 408.0,
      "end_to_end_max_score": 408.0,