{
  "condition_role_identification": {
    "count": 92,
    "end_to_end_max_score": 184.0,
    "end_to_end_score": 0.5858695652173911,
    "ok_rate": 0.8913043478260869,
    "quality_count": 82,
    "quality_max_score": 164.0,
    "quality_score": 0.6573170731707315,
    "quality_total_score": 107.79999999999997
  },
  "immediate_precursor_prediction": {
    "count": 210,
    "end_to_end_max_score": 420.0,
    "end_to_end_score": 0.5085714285714285,
    "ok_rate": 0.7857142857142857,
    "quality_count": 165,
    "quality_max_score": 330.0,
    "quality_score": 0.6472727272727272,
    "quality_total_score": 213.59999999999997
  },
  "immediate_precursor_with_disconnection": {
    "count": 210,
    "end_to_end_max_score": 420.0,
    "end_to_end_score": 0.4061904761904758,
    "ok_rate": 0.7142857142857143,
    "quality_count": 150,
    "quality_max_score": 300.0,
    "quality_score": 0.5686666666666662,
    "quality_total_score": 170.59999999999985
  },
  "mechanistic_classification": {
    "count": 76,
    "end_to_end_max_score": 152.0,
    "end_to_end_score": 0.5078947368421051,
    "ok_rate": 0.9473684210526315,
    "quality_count": 72,
    "quality_max_score": 144.0,
    "quality_score": 0.536111111111111,
    "quality_total_score": 77.19999999999997
  },
  "reaction_center_identification": {
    "count": 76,
    "end_to_end_max_score": 152.0,
    "end_to_end_score": 0.8539473684210526,
    "ok_rate": 0.9210526315789473,
    "quality_count": 70,
    "quality_max_score": 140.0,
    "quality_score": 0.927142857142857,
    "quality_total_score": 129.79999999999998
  },
  "reagent_role_identification": {
    "count": 112,
    "end_to_end_max_score": 224.0,
    "end_to_end_score": 0.5339285714285713,
    "ok_rate": 0.8303571428571429,
    "quality_count": 93,
    "quality_max_score": 186.0,
    "quality_score": 0.643010752688172,
    "quality_total_score": 119.59999999999998
  },
  "reference_route_planning": {
    "count": 137,
    "end_to_end_max_score": 548.0,
    "end_to_end_score": 0.383941605839416,
    "ok_rate": 0.7299270072992701,
    "quality_count": 100,
    "quality_max_score": 400.0,
    "quality_score": 0.5259999999999999,
    "quality_total_score": 210.39999999999998
  },
  "route_design": {
    "count": 13,
    "end_to_end_max_score": 52.0,
    "end_to_end_score": 0.7153846153846154,
    "ok_rate": 0.9230769230769231,
    "quality_count": 12,
    "quality_max_score": 48.0,
    "quality_score": 0.775,
    "quality_total_score": 37.2
  },
  "transformation_classification": {
    "count": 64,
    "end_to_end_max_score": 128.0,
    "end_to_end_score": 0.6937499999999999,
    "ok_rate": 0.78125,
    "quality_count": 50,
    "quality_max_score": 100.0,
    "quality_score": 0.8879999999999998,
    "quality_total_score": 88.79999999999998
  }
}
