{
  "A": {
    "count": 216,
    "end_to_end_max_score": 432.0,
    "end_to_end_score": 0.6847222222222223,
    "ok_rate": 0.8888888888888888,
    "quality_count": 192,
    "quality_max_score": 384.0,
    "quality_score": 0.7703125000000002,
    "quality_total_score": 295.80000000000007
  },
  "B": {
    "count": 420,
    "end_to_end_max_score": 840.0,
    "end_to_end_score": 0.45738095238095283,
    "ok_rate": 0.75,
    "quality_count": 315,
    "quality_max_score": 630.0,
    "quality_score": 0.6098412698412704,
    "quality_total_score": 384.2000000000004
  },
  "C": {
    "count": 150,
    "end_to_end_max_score": 600.0,
    "end_to_end_score": 0.4126666666666665,
    "ok_rate": 0.7466666666666667,
    "quality_count": 112,
    "quality_max_score": 448.0,
    "quality_score": 0.5526785714285712,
    "quality_total_score": 247.5999999999999
  },
  "G": {
    "count": 204,
    "end_to_end_max_score": 408.0,
    "end_to_end_score": 0.5573529411764709,
    "ok_rate": 0.8578431372549019,
    "quality_count": 175,
    "quality_max_score": 350.0,
    "quality_score": 0.6497142857142861,
    "quality_total_score": 227.40000000000015
  }
}
