{
  "A1": {
    "count": 140,
    "quality_count": 140,
    "quality_total_score": 223.99999999999983,
    "quality_max_score": 280.0,
    "end_to_end_max_score": 280.0,
    "quality_score": 0.7999999999999994,
    "end_to_end_score": 0.7999999999999994,
    "ok_rate": 1.0
  },
  "A2": {
    "count": 76,
    "quality_count": 76,
    "quality_total_score": 72.39999999999998,
    "quality_max_score": 152.0,
    "end_to_end_max_score": 152.0,
    "quality_score": 0.4763157894736841,
    "end_to_end_score": 0.4763157894736841,
    "ok_rate": 1.0
  },
  "B1": {
    "count": 210,
    "quality_count": 210,
    "quality_total_score": 275.20000000000016,
    "quality_max_score": 420.0,
    "end_to_end_max_score": 420.0,
    "quality_score": 0.6552380952380956,
    "end_to_end_score": 0.6552380952380956,
    "ok_rate": 1.0
  },
  "B2": {
    "count": 210,
    "quality_count": 209,
    "quality_total_score": 188.99999999999991,
    "quality_max_score": 418.0,
    "end_to_end_max_score": 420.0,
    "quality_score": 0.4521531100478467,
    "end_to_end_score": 0.4499999999999998,
    "ok_rate": 0.9952380952380953
  },
  "C2": {
    "count": 137,
    "quality_count": 137,
    "quality_total_score": 256.8000000000001,
    "quality_max_score": 548.0,
    "end_to_end_max_score": 548.0,
    "quality_score": 0.46861313868613164,
    "end_to_end_score": 0.46861313868613164,
    "ok_rate": 1.0
  },
  "C3": {
    "count": 13,
    "quality_count": 13,
    "quality_total_score": 38.39999999999999,
    "quality_max_score": 52.0,
    "end_to_end_max_score": 52.0,
    "quality_score": 0.7384615384615383,
    "end_to_end_score": 0.7384615384615383,
    "ok_rate": 1.0
  },
  "G1": {
    "count": 112,
    "quality_count": 112,
    "quality_total_score": 160.39999999999984,
    "quality_max_score": 224.0,
    "end_to_end_max_score": 224.0,
    "quality_score": 0.7160714285714278,
    "end_to_end_score": 0.7160714285714278,
    "ok_rate": 1.0
  },
  "G2": {
    "count": 92,
    "quality_count": 92,
    "quality_total_score": 111.4,
    "quality_max_score": 184.0,
    "end_to_end_max_score": 184.0,
    "quality_score": 0.6054347826086957,
    "end_to_end_score": 0.6054347826086957,
    "ok_rate": 1.0
  }
}