{
  "condition_role_identification": {
    "count": 92,
    "quality_count": 92,
    "quality_total_score": 111.4,
    "quality_max_score": 184.0,
    "end_to_end_max_score": 184.0,
    "quality_score": 0.6054347826086957,
    "end_to_end_score": 0.6054347826086957,
    "ok_rate": 1.0
  },
  "immediate_precursor_prediction": {
    "count": 210,
    "quality_count": 210,
    "quality_total_score": 275.20000000000016,
    "quality_max_score": 420.0,
    "end_to_end_max_score": 420.0,
    "quality_score": 0.6552380952380956,
    "end_to_end_score": 0.6552380952380956,
    "ok_rate": 1.0
  },
  "immediate_precursor_with_disconnection": {
    "count": 210,
    "quality_count": 209,
    "quality_total_score": 188.99999999999991,
    "quality_max_score": 418.0,
    "end_to_end_max_score": 420.0,
    "quality_score": 0.4521531100478467,
    "end_to_end_score": 0.4499999999999998,
    "ok_rate": 0.9952380952380953
  },
  "mechanistic_classification": {
    "count": 76,
    "quality_count": 76,
    "quality_total_score": 72.39999999999998,
    "quality_max_score": 152.0,
    "end_to_end_max_score": 152.0,
    "quality_score": 0.4763157894736841,
    "end_to_end_score": 0.4763157894736841,
    "ok_rate": 1.0
  },
  "reaction_center_identification": {
    "count": 76,
    "quality_count": 76,
    "quality_total_score": 134.19999999999996,
    "quality_max_score": 152.0,
    "end_to_end_max_score": 152.0,
    "quality_score": 0.882894736842105,
    "end_to_end_score": 0.882894736842105,
    "ok_rate": 1.0
  },
  "reagent_role_identification": {
    "count": 112,
    "quality_count": 112,
    "quality_total_score": 160.39999999999984,
    "quality_max_score": 224.0,
    "end_to_end_max_score": 224.0,
    "quality_score": 0.7160714285714278,
    "end_to_end_score": 0.7160714285714278,
    "ok_rate": 1.0
  },
  "reference_route_planning": {
    "count": 137,
    "quality_count": 104,
    "quality_total_score": 204.39999999999998,
    "quality_max_score": 416.0,
    "end_to_end_max_score": 548.0,
    "quality_score": 0.49134615384615377,
    "end_to_end_score": 0.37299270072992696,
    "ok_rate": 0.7591240875912408
  },
  "route_design": {
    "count": 13,
    "quality_count": 10,
    "quality_total_score": 28.4,
    "quality_max_score": 40.0,
    "end_to_end_max_score": 52.0,
    "quality_score": 0.71,
    "end_to_end_score": 0.5461538461538461,
    "ok_rate": 0.7692307692307693
  },
  "transformation_classification": {
    "count": 64,
    "quality_count": 64,
    "quality_total_score": 89.80000000000001,
    "quality_max_score": 128.0,
    "end_to_end_max_score": 128.0,
    "quality_score": 0.7015625000000001,
    "end_to_end_score": 0.7015625000000001,
    "ok_rate": 1.0
  }
}