{
  "reaction_description": {
    "count": 420,
    "quality_count": 420,
    "quality_total_score": 568.2000000000016,
    "quality_max_score": 840.0,
    "quality_normalized_score": 0.6764285714285734,
    "ok_rate": 1.0
  },
  "text": {
    "count": 420,
    "quality_count": 419,
    "quality_total_score": 464.2000000000004,
    "quality_max_score": 838.0,
    "quality_normalized_score": 0.5539379474940339,
    "ok_rate": 0.9976190476190476
  },
  "full_synthesis": {
    "count": 150,
    "quality_count": 114,
    "quality_total_score": 232.79999999999995,
    "quality_max_score": 456.0,
    "quality_normalized_score": 0.5105263157894736,
    "ok_rate": 0.76
  }
}