{
  "auxiliary": {
    "count": 204,
    "quality_count": 204,
    "quality_total_score": 271.8,
    "quality_max_score": 408.0,
    "end_to_end_max_score": 408.0,
    "quality_score": 0.6661764705882354,
    "end_to_end_score": 0.6661764705882354,
    "ok_rate": 1.0
  },
  "local": {
    "count": 216,
    "quality_count": 216,
    "quality_total_score": 296.4000000000001,
    "quality_max_score": 432.0,
    "end_to_end_max_score": 432.0,
    "quality_score": 0.6861111111111113,
    "end_to_end_score": 0.6861111111111113,
    "ok_rate": 1.0
  },
  "route_level": {
    "count": 150,
    "quality_count": 150,
    "quality_total_score": 295.2000000000001,
    "quality_max_score": 600.0,
    "end_to_end_max_score": 600.0,
    "quality_score": 0.49200000000000016,
    "end_to_end_score": 0.49200000000000016,
    "ok_rate": 1.0
  },
  "single_step": {
    "count": 420,
    "quality_count": 419,
    "quality_total_score": 464.2000000000004,
    "quality_max_score": 838.0,
    "end_to_end_max_score": 840.0,
    "quality_score": 0.5539379474940339,
    "end_to_end_score": 0.5526190476190481,
    "ok_rate": 0.9976190476190476
  }
}