{
  "condition_role_identification": {
    "count": 92,
    "quality_count": 92,
    "quality_total_score": 120.79999999999998,
    "quality_max_score": 184.0,
    "end_to_end_max_score": 184.0,
    "quality_score": 0.6565217391304347,
    "end_to_end_score": 0.6565217391304347,
    "ok_rate": 1.0
  },
  "immediate_precursor_prediction": {
    "count": 210,
    "quality_count": 210,
    "quality_total_score": 327.4000000000001,
    "quality_max_score": 420.0,
    "end_to_end_max_score": 420.0,
    "quality_score": 0.7795238095238097,
    "end_to_end_score": 0.7795238095238097,
    "ok_rate": 1.0
  },
  "immediate_precursor_with_disconnection": {
    "count": 210,
    "quality_count": 210,
    "quality_total_score": 257.3999999999998,
    "quality_max_score": 420.0,
    "end_to_end_max_score": 420.0,
    "quality_score": 0.6128571428571424,
    "end_to_end_score": 0.6128571428571424,
    "ok_rate": 1.0
  },
  "mechanistic_classification": {
    "count": 76,
    "quality_count": 76,
    "quality_total_score": 80.59999999999995,
    "quality_max_score": 152.0,
    "end_to_end_max_score": 152.0,
    "quality_score": 0.5302631578947365,
    "end_to_end_score": 0.5302631578947365,
    "ok_rate": 1.0
  },
  "reaction_center_identification": {
    "count": 76,
    "quality_count": 76,
    "quality_total_score": 139.99999999999997,
    "quality_max_score": 152.0,
    "end_to_end_max_score": 152.0,
    "quality_score": 0.9210526315789472,
    "end_to_end_score": 0.9210526315789472,
    "ok_rate": 1.0
  },
  "reagent_role_identification": {
    "count": 112,
    "quality_count": 112,
    "quality_total_score": 156.99999999999991,
    "quality_max_score": 224.0,
    "end_to_end_max_score": 224.0,
    "quality_score": 0.7008928571428568,
    "end_to_end_score": 0.7008928571428568,
    "ok_rate": 1.0
  },
  "reference_route_planning": {
    "count": 137,
    "quality_count": 137,
    "quality_total_score": 330.79999999999984,
    "quality_max_score": 548.0,
    "end_to_end_max_score": 548.0,
    "quality_score": 0.603649635036496,
    "end_to_end_score": 0.603649635036496,
    "ok_rate": 1.0
  },
  "route_design": {
    "count": 13,
    "quality_count": 13,
    "quality_total_score": 42.00000000000001,
    "quality_max_score": 52.0,
    "end_to_end_max_score": 52.0,
    "quality_score": 0.8076923076923078,
    "end_to_end_score": 0.8076923076923078,
    "ok_rate": 1.0
  },
  "transformation_classification": {
    "count": 64,
    "quality_count": 64,
    "quality_total_score": 122.59999999999997,
    "quality_max_score": 128.0,
    "end_to_end_max_score": 128.0,
    "quality_score": 0.9578124999999997,
    "end_to_end_score": 0.9578124999999997,
    "ok_rate": 1.0
  }
}