{
  "A1": {
    "count": 140,
    "quality_count": 140,
    "quality_total_score": 262.59999999999997,
    "quality_max_score": 280.0,
    "end_to_end_max_score": 280.0,
    "quality_score": 0.9378571428571427,
    "end_to_end_score": 0.9378571428571427,
    "ok_rate": 1.0
  },
  "A2": {
    "count": 76,
    "quality_count": 76,
    "quality_total_score": 80.59999999999995,
    "quality_max_score": 152.0,
    "end_to_end_max_score": 152.0,
    "quality_score": 0.5302631578947365,
    "end_to_end_score": 0.5302631578947365,
    "ok_rate": 1.0
  },
  "B1": {
    "count": 210,
    "quality_count": 210,
    "quality_total_score": 327.4000000000001,
    "quality_max_score": 420.0,
    "end_to_end_max_score": 420.0,
    "quality_score": 0.7795238095238097,
    "end_to_end_score": 0.7795238095238097,
    "ok_rate": 1.0
  },
  "B2": {
    "count": 210,
    "quality_count": 210,
    "quality_total_score": 257.3999999999998,
    "quality_max_score": 420.0,
    "end_to_end_max_score": 420.0,
    "quality_score": 0.6128571428571424,
    "end_to_end_score": 0.6128571428571424,
    "ok_rate": 1.0
  },
  "C2": {
    "count": 137,
    "quality_count": 137,
    "quality_total_score": 330.79999999999984,
    "quality_max_score": 548.0,
    "end_to_end_max_score": 548.0,
    "quality_score": 0.603649635036496,
    "end_to_end_score": 0.603649635036496,
    "ok_rate": 1.0
  },
  "C3": {
    "count": 13,
    "quality_count": 13,
    "quality_total_score": 42.00000000000001,
    "quality_max_score": 52.0,
    "end_to_end_max_score": 52.0,
    "quality_score": 0.8076923076923078,
    "end_to_end_score": 0.8076923076923078,
    "ok_rate": 1.0
  },
  "G1": {
    "count": 112,
    "quality_count": 112,
    "quality_total_score": 156.99999999999991,
    "quality_max_score": 224.0,
    "end_to_end_max_score": 224.0,
    "quality_score": 0.7008928571428568,
    "end_to_end_score": 0.7008928571428568,
    "ok_rate": 1.0
  },
  "G2": {
    "count": 92,
    "quality_count": 92,
    "quality_total_score": 120.79999999999998,
    "quality_max_score": 184.0,
    "end_to_end_max_score": 184.0,
    "quality_score": 0.6565217391304347,
    "end_to_end_score": 0.6565217391304347,
    "ok_rate": 1.0
  }
}