{
  "full_synthesis": {
    "count": 150,
    "quality_count": 150,
    "quality_total_score": 372.7999999999997,
    "quality_max_score": 600.0,
    "quality_normalized_score": 0.6213333333333328,
    "ok_rate": 1.0
  },
  "reaction_description": {
    "count": 420,
    "quality_count": 420,
    "quality_total_score": 621.0000000000015,
    "quality_max_score": 840.0,
    "quality_normalized_score": 0.7392857142857161,
    "ok_rate": 1.0
  },
  "text": {
    "count": 420,
    "quality_count": 420,
    "quality_total_score": 292.19999999999965,
    "quality_max_score": 840.0,
    "quality_normalized_score": 0.3478571428571424,
    "ok_rate": 1.0
  }
}
