{
  "A": {
    "count": 216,
    "quality_count": 216,
    "quality_total_score": 343.2000000000003,
    "quality_max_score": 432.0,
    "end_to_end_max_score": 432.0,
    "quality_score": 0.7944444444444451,
    "end_to_end_score": 0.7944444444444451,
    "ok_rate": 1.0
  },
  "B": {
    "count": 420,
    "quality_count": 420,
    "quality_total_score": 584.8000000000013,
    "quality_max_score": 840.0,
    "end_to_end_max_score": 840.0,
    "quality_score": 0.6961904761904778,
    "end_to_end_score": 0.6961904761904778,
    "ok_rate": 1.0
  },
  "C": {
    "count": 150,
    "quality_count": 150,
    "quality_total_score": 372.7999999999997,
    "quality_max_score": 600.0,
    "end_to_end_max_score": 600.0,
    "quality_score": 0.6213333333333328,
    "end_to_end_score": 0.6213333333333328,
    "ok_rate": 1.0
  },
  "G": {
    "count": 204,
    "quality_count": 204,
    "quality_total_score": 277.79999999999995,
    "quality_max_score": 408.0,
    "end_to_end_max_score": 408.0,
    "quality_score": 0.6808823529411764,
    "end_to_end_score": 0.6808823529411764,
    "ok_rate": 1.0
  }
}