{
  "total_rows": 990,
  "quality_total_score": 1285.9999999999995,
  "quality_max_score": 2280.0,
  "quality_normalized_score": 0.564035087719298,
  "quality_end_to_end_score": 0.564035087719298,
  "overall_quality_total_score": 1285.9999999999995,
  "overall_quality_max_score": 2280.0,
  "overall_quality_score": 0.564035087719298,
  "overall_end_to_end_score": 0.564035087719298,
  "judge_input_tokens_total": 2963367,
  "judge_output_tokens_total": 920739,
  "judge_total_tokens_total": 3884106,
  "judge_reasoning_tokens_total": 684160,
  "judge_requests_total": 990,
  "judge_tool_calls_total": 0,
  "reliability_ok_count": 990,
  "reliability_ok_rate": 1.0,
  "infra_error_count": {},
  "infra_error_rate": {},
  "errors_sample": [],
  "taxonomy_version": "benchmark_taxonomy",
  "core_suites": [
    "A",
    "B",
    "C"
  ],
  "auxiliary_suites": [
    "G"
  ],
  "macro_depth_quality_score": 0.5878783068783068,
  "macro_depth_end_to_end_score": 0.5878783068783068,
  "auxiliary_grounding_quality_score": 0.6808823529411764,
  "auxiliary_grounding_end_to_end_score": 0.6808823529411764,
  "breakdown_by_suite": {
    "A": {
      "count": 216,
      "quality_count": 216,
      "quality_total_score": 343.2000000000003,
      "quality_max_score": 432.0,
      "end_to_end_max_score": 432.0,
      "quality_score": 0.7944444444444451,
      "end_to_end_score": 0.7944444444444451,
      "ok_rate": 1.0
    },
    "B": {
      "count": 420,
      "quality_count": 420,
      "quality_total_score": 292.19999999999965,
      "quality_max_score": 840.0,
      "end_to_end_max_score": 840.0,
      "quality_score": 0.3478571428571424,
      "end_to_end_score": 0.3478571428571424,
      "ok_rate": 1.0
    },
    "C": {
      "count": 150,
      "quality_count": 150,
      "quality_total_score": 372.7999999999997,
      "quality_max_score": 600.0,
      "end_to_end_max_score": 600.0,
      "quality_score": 0.6213333333333328,
      "end_to_end_score": 0.6213333333333328,
      "ok_rate": 1.0
    },
    "G": {
      "count": 204,
      "quality_count": 204,
      "quality_total_score": 277.79999999999995,
      "quality_max_score": 408.0,
      "end_to_end_max_score": 408.0,
      "quality_score": 0.6808823529411764,
      "end_to_end_score": 0.6808823529411764,
      "ok_rate": 1.0
    }
  },
  "breakdown_by_subtrack": {
    "A1": {
      "count": 140,
      "quality_count": 140,
      "quality_total_score": 262.59999999999997,
      "quality_max_score": 280.0,
      "end_to_end_max_score": 280.0,
      "quality_score": 0.9378571428571427,
      "end_to_end_score": 0.9378571428571427,
      "ok_rate": 1.0
    },
    "A2": {
      "count": 76,
      "quality_count": 76,
      "quality_total_score": 80.59999999999995,
      "quality_max_score": 152.0,
      "end_to_end_max_score": 152.0,
      "quality_score": 0.5302631578947365,
      "end_to_end_score": 0.5302631578947365,
      "ok_rate": 1.0
    },
    "B1": {
      "count": 210,
      "quality_count": 210,
      "quality_total_score": 188.4000000000003,
      "quality_max_score": 420.0,
      "end_to_end_max_score": 420.0,
      "quality_score": 0.4485714285714293,
      "end_to_end_score": 0.4485714285714293,
      "ok_rate": 1.0
    },
    "B2": {
      "count": 210,
      "quality_count": 210,
      "quality_total_score": 103.80000000000015,
      "quality_max_score": 420.0,
      "end_to_end_max_score": 420.0,
      "quality_score": 0.2471428571428575,
      "end_to_end_score": 0.2471428571428575,
      "ok_rate": 1.0
    },
    "C2": {
      "count": 137,
      "quality_count": 137,
      "quality_total_score": 330.79999999999984,
      "quality_max_score": 548.0,
      "end_to_end_max_score": 548.0,
      "quality_score": 0.603649635036496,
      "end_to_end_score": 0.603649635036496,
      "ok_rate": 1.0
    },
    "C3": {
      "count": 13,
      "quality_count": 13,
      "quality_total_score": 42.00000000000001,
      "quality_max_score": 52.0,
      "end_to_end_max_score": 52.0,
      "quality_score": 0.8076923076923078,
      "end_to_end_score": 0.8076923076923078,
      "ok_rate": 1.0
    },
    "G1": {
      "count": 112,
      "quality_count": 112,
      "quality_total_score": 156.99999999999991,
      "quality_max_score": 224.0,
      "end_to_end_max_score": 224.0,
      "quality_score": 0.7008928571428568,
      "end_to_end_score": 0.7008928571428568,
      "ok_rate": 1.0
    },
    "G2": {
      "count": 92,
      "quality_count": 92,
      "quality_total_score": 120.79999999999998,
      "quality_max_score": 184.0,
      "end_to_end_max_score": 184.0,
      "quality_score": 0.6565217391304347,
      "end_to_end_score": 0.6565217391304347,
      "ok_rate": 1.0
    }
  },
  "breakdown_by_task_mode": {
    "constrained_generation": {
      "count": 420,
      "quality_count": 420,
      "quality_total_score": 292.19999999999965,
      "quality_max_score": 840.0,
      "end_to_end_max_score": 840.0,
      "quality_score": 0.3478571428571424,
      "end_to_end_score": 0.3478571428571424,
      "ok_rate": 1.0
    },
    "grounding_extraction": {
      "count": 204,
      "quality_count": 204,
      "quality_total_score": 277.79999999999995,
      "quality_max_score": 408.0,
      "end_to_end_max_score": 408.0,
      "quality_score": 0.6808823529411764,
      "end_to_end_score": 0.6808823529411764,
      "ok_rate": 1.0
    },
    "open_planning": {
      "count": 150,
      "quality_count": 150,
      "quality_total_score": 372.7999999999997,
      "quality_max_score": 600.0,
      "end_to_end_max_score": 600.0,
      "quality_score": 0.6213333333333328,
      "end_to_end_score": 0.6213333333333328,
      "ok_rate": 1.0
    },
    "recognition": {
      "count": 216,
      "quality_count": 216,
      "quality_total_score": 343.2000000000003,
      "quality_max_score": 432.0,
      "end_to_end_max_score": 432.0,
      "quality_score": 0.7944444444444451,
      "end_to_end_score": 0.7944444444444451,
      "ok_rate": 1.0
    }
  },
  "breakdown_by_planning_horizon": {
    "auxiliary": {
      "count": 204,
      "quality_count": 204,
      "quality_total_score": 277.79999999999995,
      "quality_max_score": 408.0,
      "end_to_end_max_score": 408.0,
      "quality_score": 0.6808823529411764,
      "end_to_end_score": 0.6808823529411764,
      "ok_rate": 1.0
    },
    "local": {
      "count": 216,
      "quality_count": 216,
      "quality_total_score": 343.2000000000003,
      "quality_max_score": 432.0,
      "end_to_end_max_score": 432.0,
      "quality_score": 0.7944444444444451,
      "end_to_end_score": 0.7944444444444451,
      "ok_rate": 1.0
    },
    "route_level": {
      "count": 150,
      "quality_count": 150,
      "quality_total_score": 372.7999999999997,
      "quality_max_score": 600.0,
      "end_to_end_max_score": 600.0,
      "quality_score": 0.6213333333333328,
      "end_to_end_score": 0.6213333333333328,
      "ok_rate": 1.0
    },
    "single_step": {
      "count": 420,
      "quality_count": 420,
      "quality_total_score": 292.19999999999965,
      "quality_max_score": 840.0,
      "end_to_end_max_score": 840.0,
      "quality_score": 0.3478571428571424,
      "end_to_end_score": 0.3478571428571424,
      "ok_rate": 1.0
    }
  },
  "breakdown_by_answer_type": {
    "full_synthesis": {
      "count": 150,
      "quality_count": 150,
      "quality_total_score": 372.7999999999997,
      "quality_max_score": 600.0,
      "quality_normalized_score": 0.6213333333333328,
      "ok_rate": 1.0
    },
    "reaction_description": {
      "count": 420,
      "quality_count": 420,
      "quality_total_score": 621.0000000000015,
      "quality_max_score": 840.0,
      "quality_normalized_score": 0.7392857142857161,
      "ok_rate": 1.0
    },
    "text": {
      "count": 420,
      "quality_count": 420,
      "quality_total_score": 292.19999999999965,
      "quality_max_score": 840.0,
      "quality_normalized_score": 0.3478571428571424,
      "ok_rate": 1.0
    }
  },