{
  "constrained_generation": {
    "count": 420,
    "quality_count": 420,
    "quality_total_score": 573.2000000000013,
    "quality_max_score": 840.0,
    "end_to_end_max_score": 840.0,
    "quality_score": 0.682380952380954,
    "end_to_end_score": 0.682380952380954,
    "ok_rate": 1.0
  },
  "grounding_extraction": {
    "count": 204,
    "quality_count": 204,
    "quality_total_score": 289.6,
    "quality_max_score": 408.0,
    "end_to_end_max_score": 408.0,
    "quality_score": 0.7098039215686275,
    "end_to_end_score": 0.7098039215686275,
    "ok_rate": 1.0
  },
  "open_planning": {
    "count": 150,
    "quality_count": 150,
    "quality_total_score": 359.5999999999999,
    "quality_max_score": 600.0,
    "end_to_end_max_score": 600.0,
    "quality_score": 0.5993333333333332,
    "end_to_end_score": 0.5993333333333332,
    "ok_rate": 1.0
  },
  "recognition": {
    "count": 216,
    "quality_count": 216,
    "quality_total_score": 345.2000000000001,
    "quality_max_score": 432.0,
    "end_to_end_max_score": 432.0,
    "quality_score": 0.7990740740740743,
    "end_to_end_score": 0.7990740740740743,
    "ok_rate": 1.0
  }
}