{
  "A1": {
    "count": 140,
    "quality_count": 140,
    "quality_total_score": 263.20000000000005,
    "quality_max_score": 280.0,
    "end_to_end_max_score": 280.0,
    "quality_score": 0.9400000000000002,
    "end_to_end_score": 0.9400000000000002,
    "ok_rate": 1.0
  },
  "A2": {
    "count": 76,
    "quality_count": 76,
    "quality_total_score": 81.99999999999999,
    "quality_max_score": 152.0,
    "end_to_end_max_score": 152.0,
    "quality_score": 0.5394736842105262,
    "end_to_end_score": 0.5394736842105262,
    "ok_rate": 1.0
  },
  "B1": {
    "count": 210,
    "quality_count": 210,
    "quality_total_score": 324.00000000000017,
    "quality_max_score": 420.0,
    "end_to_end_max_score": 420.0,
    "quality_score": 0.7714285714285718,
    "end_to_end_score": 0.7714285714285718,
    "ok_rate": 1.0
  },
  "B2": {
    "count": 210,
    "quality_count": 210,
    "quality_total_score": 249.19999999999976,
    "quality_max_score": 420.0,
    "end_to_end_max_score": 420.0,
    "quality_score": 0.5933333333333327,
    "end_to_end_score": 0.5933333333333327,
    "ok_rate": 1.0
  },
  "C2": {
    "count": 137,
    "quality_count": 137,
    "quality_total_score": 318.3999999999999,
    "quality_max_score": 548.0,
    "end_to_end_max_score": 548.0,
    "quality_score": 0.5810218978102188,
    "end_to_end_score": 0.5810218978102188,
    "ok_rate": 1.0
  },
  "C3": {
    "count": 13,
    "quality_count": 13,
    "quality_total_score": 41.2,
    "quality_max_score": 52.0,
    "end_to_end_max_score": 52.0,
    "quality_score": 0.7923076923076924,
    "end_to_end_score": 0.7923076923076924,
    "ok_rate": 1.0
  },
  "G1": {
    "count": 112,
    "quality_count": 112,
    "quality_total_score": 160.99999999999991,
    "quality_max_score": 224.0,
    "end_to_end_max_score": 224.0,
    "quality_score": 0.7187499999999997,
    "end_to_end_score": 0.7187499999999997,
    "ok_rate": 1.0
  },
  "G2": {
    "count": 92,
    "quality_count": 92,
    "quality_total_score": 128.59999999999997,
    "quality_max_score": 184.0,
    "end_to_end_max_score": 184.0,
    "quality_score": 0.6989130434782607,
    "end_to_end_score": 0.6989130434782607,
    "ok_rate": 1.0
  }
}