{
  "full_synthesis": {
    "count": 150,
    "quality_count": 150,
    "quality_total_score": 359.5999999999999,
    "quality_max_score": 600.0,
    "quality_normalized_score": 0.5993333333333332,
    "ok_rate": 1.0
  },
  "reaction_description": {
    "count": 420,
    "quality_count": 420,
    "quality_total_score": 634.8000000000014,
    "quality_max_score": 840.0,
    "quality_normalized_score": 0.7557142857142874,
    "ok_rate": 1.0
  },
  "text": {
    "count": 420,
    "quality_count": 420,
    "quality_total_score": 279.3999999999998,
    "quality_max_score": 840.0,
    "quality_normalized_score": 0.33261904761904737,
    "ok_rate": 1.0
  }
}
