{
  "A1": {
    "count": 140,
    "quality_count": 140,
    "quality_total_score": 253.3999999999999,
    "quality_max_score": 280.0,
    "end_to_end_max_score": 280.0,
    "quality_score": 0.9049999999999996,
    "end_to_end_score": 0.9049999999999996,
    "ok_rate": 1.0
  },
  "A2": {
    "count": 76,
    "quality_count": 76,
    "quality_total_score": 73.19999999999997,
    "quality_max_score": 152.0,
    "end_to_end_max_score": 152.0,
    "quality_score": 0.4815789473684209,
    "end_to_end_score": 0.4815789473684209,
    "ok_rate": 1.0
  },
  "B1": {
    "count": 210,
    "quality_count": 210,
    "quality_total_score": 317.80000000000024,
    "quality_max_score": 420.0,
    "end_to_end_max_score": 420.0,
    "quality_score": 0.7566666666666673,
    "end_to_end_score": 0.7566666666666673,
    "ok_rate": 1.0
  },
  "B2": {
    "count": 210,
    "quality_count": 210,
    "quality_total_score": 246.7999999999999,
    "quality_max_score": 420.0,
    "end_to_end_max_score": 420.0,
    "quality_score": 0.5876190476190474,
    "end_to_end_score": 0.5876190476190474,
    "ok_rate": 1.0
  },
  "C2": {
    "count": 137,
    "quality_count": 137,
    "quality_total_score": 337.9999999999997,
    "quality_max_score": 548.0,
    "end_to_end_max_score": 548.0,
    "quality_score": 0.6167883211678827,
    "end_to_end_score": 0.6167883211678827,
    "ok_rate": 1.0
  },
  "C3": {
    "count": 13,
    "quality_count": 13,
    "quality_total_score": 44.00000000000001,
    "quality_max_score": 52.0,
    "end_to_end_max_score": 52.0,
    "quality_score": 0.8461538461538463,
    "end_to_end_score": 0.8461538461538463,
    "ok_rate": 1.0
  },
  "G1": {
    "count": 112,
    "quality_count": 112,
    "quality_total_score": 169.40000000000003,
    "quality_max_score": 224.0,
    "end_to_end_max_score": 224.0,
    "quality_score": 0.7562500000000002,
    "end_to_end_score": 0.7562500000000002,
    "ok_rate": 1.0
  },
  "G2": {
    "count": 92,
    "quality_count": 92,
    "quality_total_score": 123.99999999999997,
    "quality_max_score": 184.0,
    "end_to_end_max_score": 184.0,
    "quality_score": 0.6739130434782608,
    "end_to_end_score": 0.6739130434782608,
    "ok_rate": 1.0
  }
}