{
  "A": {
    "count": 216,
    "quality_count": 216,
    "quality_total_score": 326.6000000000003,
    "quality_max_score": 432.0,
    "end_to_end_max_score": 432.0,
    "quality_score": 0.7560185185185192,
    "end_to_end_score": 0.7560185185185192,
    "ok_rate": 1.0
  },
  "B": {
    "count": 420,
    "quality_count": 420,
    "quality_total_score": 564.6000000000014,
    "quality_max_score": 840.0,
    "end_to_end_max_score": 840.0,
    "quality_score": 0.6721428571428588,
    "end_to_end_score": 0.6721428571428588,
    "ok_rate": 1.0
  },
  "C": {
    "count": 150,
    "quality_count": 150,
    "quality_total_score": 381.99999999999966,
    "quality_max_score": 600.0,
    "end_to_end_max_score": 600.0,
    "quality_score": 0.636666666666666,
    "end_to_end_score": 0.636666666666666,
    "ok_rate": 1.0
  },
  "G": {
    "count": 204,
    "quality_count": 204,
    "quality_total_score": 293.4000000000001,
    "quality_max_score": 408.0,
    "end_to_end_max_score": 408.0,
    "quality_score": 0.7191176470588238,
    "end_to_end_score": 0.7191176470588238,
    "ok_rate": 1.0
  }
}