{
  "A": {
    "count": 216,
    "quality_count": 216,
    "quality_total_score": 321.6000000000002,
    "quality_max_score": 432.0,
    "end_to_end_max_score": 432.0,
    "quality_score": 0.7444444444444449,
    "end_to_end_score": 0.7444444444444449,
    "ok_rate": 1.0
  },
  "B": {
    "count": 420,
    "quality_count": 420,
    "quality_total_score": 297.9999999999995,
    "quality_max_score": 840.0,
    "end_to_end_max_score": 840.0,
    "quality_score": 0.35476190476190417,
    "end_to_end_score": 0.35476190476190417,
    "ok_rate": 1.0
  },
  "C": {
    "count": 150,
    "quality_count": 149,
    "quality_total_score": 376.3999999999998,
    "quality_max_score": 596.0,
    "end_to_end_max_score": 600.0,
    "quality_score": 0.6315436241610735,
    "end_to_end_score": 0.627333333333333,
    "ok_rate": 0.9933333333333333
  },
  "G": {
    "count": 204,
    "quality_count": 204,
    "quality_total_score": 294.79999999999995,
    "quality_max_score": 408.0,
    "end_to_end_max_score": 408.0,
    "quality_score": 0.722549019607843,
    "end_to_end_score": 0.722549019607843,
    "ok_rate": 1.0
  }
}