{
  "A1": {
    "count": 140,
    "quality_count": 140,
    "quality_total_score": 248.99999999999994,
    "quality_max_score": 280.0,
    "end_to_end_max_score": 280.0,
    "quality_score": 0.8892857142857141,
    "end_to_end_score": 0.8892857142857141,
    "ok_rate": 1.0
  },
  "A2": {
    "count": 76,
    "quality_count": 76,
    "quality_total_score": 72.59999999999997,
    "quality_max_score": 152.0,
    "end_to_end_max_score": 152.0,
    "quality_score": 0.4776315789473682,
    "end_to_end_score": 0.4776315789473682,
    "ok_rate": 1.0
  },
  "B1": {
    "count": 210,
    "quality_count": 210,
    "quality_total_score": 190.40000000000023,
    "quality_max_score": 420.0,
    "end_to_end_max_score": 420.0,
    "quality_score": 0.45333333333333387,
    "end_to_end_score": 0.45333333333333387,
    "ok_rate": 1.0
  },
  "B2": {
    "count": 210,
    "quality_count": 210,
    "quality_total_score": 107.60000000000018,
    "quality_max_score": 420.0,
    "end_to_end_max_score": 420.0,
    "quality_score": 0.25619047619047663,
    "end_to_end_score": 0.25619047619047663,
    "ok_rate": 1.0
  },
  "C2": {
    "count": 137,
    "quality_count": 136,
    "quality_total_score": 330.79999999999984,
    "quality_max_score": 544.0,
    "end_to_end_max_score": 548.0,
    "quality_score": 0.6080882352941174,
    "end_to_end_score": 0.603649635036496,
    "ok_rate": 0.9927007299270073
  },
  "C3": {
    "count": 13,
    "quality_count": 13,
    "quality_total_score": 45.60000000000001,
    "quality_max_score": 52.0,
    "end_to_end_max_score": 52.0,
    "quality_score": 0.8769230769230771,
    "end_to_end_score": 0.8769230769230771,
    "ok_rate": 1.0
  },
  "G1": {
    "count": 112,
    "quality_count": 112,
    "quality_total_score": 170.40000000000003,
    "quality_max_score": 224.0,
    "end_to_end_max_score": 224.0,
    "quality_score": 0.7607142857142859,
    "end_to_end_score": 0.7607142857142859,
    "ok_rate": 1.0
  },
  "G2": {
    "count": 92,
    "quality_count": 92,
    "quality_total_score": 124.4,
    "quality_max_score": 184.0,
    "end_to_end_max_score": 184.0,
    "quality_score": 0.6760869565217391,
    "end_to_end_score": 0.6760869565217391,
    "ok_rate": 1.0
  }
}