{
  "reaction_description": {
    "count": 420,
    "quality_count": 420,
    "quality_total_score": 620.0000000000008,
    "quality_max_score": 840.0,
    "quality_normalized_score": 0.738095238095239,
    "ok_rate": 1.0
  },
  "text": {
    "count": 420,
    "quality_count": 420,
    "quality_total_score": 564.6000000000014,
    "quality_max_score": 840.0,
    "quality_normalized_score": 0.6721428571428588,
    "ok_rate": 1.0
  },
  "full_synthesis": {
    "count": 150,
    "quality_count": 150,
    "quality_total_score": 381.99999999999966,
    "quality_max_score": 600.0,
    "quality_normalized_score": 0.636666666666666,
    "ok_rate": 1.0
  }
}