{
  "full_synthesis": {
    "count": 150,
    "quality_count": 150,
    "quality_total_score": 379.1999999999998,
    "quality_max_score": 600.0,
    "quality_normalized_score": 0.6319999999999997,
    "ok_rate": 1.0
  },
  "reaction_description": {
    "count": 420,
    "quality_count": 420,
    "quality_total_score": 616.4000000000011,
    "quality_max_score": 840.0,
    "quality_normalized_score": 0.7338095238095251,
    "ok_rate": 1.0
  },
  "text": {
    "count": 420,
    "quality_count": 420,
    "quality_total_score": 297.9999999999995,
    "quality_max_score": 840.0,
    "quality_normalized_score": 0.35476190476190417,
    "ok_rate": 1.0
  }
}
