{
  "total_rows": 990,
  "overall_quality_total_score": 1566.6000000000001,
  "overall_quality_max_score": 2280.0,
  "overall_quality_score": 0.6871052631578948,
  "overall_end_to_end_score": 0.6871052631578948,
  "judge_input_tokens_total": 3010306,
  "judge_output_tokens_total": 1126086,
  "judge_total_tokens_total": 4136392,
  "judge_reasoning_tokens_total": 873324,
  "judge_requests_total": 990,
  "judge_tool_calls_total": 0,
  "reliability_ok_count": 990,
  "reliability_ok_rate": 1.0,
  "infra_error_count": {},
  "infra_error_rate": {},
  "errors_sample": [],
  "taxonomy_version": "benchmark_taxonomy",
  "core_suites": [
    "A",
    "B",
    "C"
  ],
  "auxiliary_suites": [
    "G"
  ],
  "macro_depth_quality_score": 0.688276014109348,
  "macro_depth_end_to_end_score": 0.688276014109348,
  "auxiliary_grounding_quality_score": 0.7191176470588238,
  "auxiliary_grounding_end_to_end_score": 0.7191176470588238,
  "breakdown_by_suite": {
    "A": {
      "count": 216,
      "quality_count": 216,
      "quality_total_score": 326.6000000000003,
      "quality_max_score": 432.0,
      "end_to_end_max_score": 432.0,
      "quality_score": 0.7560185185185192,
      "end_to_end_score": 0.7560185185185192,
      "ok_rate": 1.0
    },
    "B": {
      "count": 420,
      "quality_count": 420,
      "quality_total_score": 564.6000000000014,
      "quality_max_score": 840.0,
      "end_to_end_max_score": 840.0,
      "quality_score": 0.6721428571428588,
      "end_to_end_score": 0.6721428571428588,
      "ok_rate": 1.0
    },
    "C": {
      "count": 150,
      "quality_count": 150,
      "quality_total_score": 381.99999999999966,
      "quality_max_score": 600.0,
      "end_to_end_max_score": 600.0,
      "quality_score": 0.636666666666666,
      "end_to_end_score": 0.636666666666666,
      "ok_rate": 1.0
    },
    "G": {
      "count": 204,
      "quality_count": 204,
      "quality_total_score": 293.4000000000001,
      "quality_max_score": 408.0,
      "end_to_end_max_score": 408.0,
      "quality_score": 0.7191176470588238,
      "end_to_end_score": 0.7191176470588238,
      "ok_rate": 1.0
    }
  },
  "breakdown_by_subtrack": {
    "A1": {
      "count": 140,
      "quality_count": 140,
      "quality_total_score": 253.3999999999999,
      "quality_max_score": 280.0,
      "end_to_end_max_score": 280.0,
      "quality_score": 0.9049999999999996,
      "end_to_end_score": 0.9049999999999996,
      "ok_rate": 1.0
    },
    "A2": {
      "count": 76,
      "quality_count": 76,
      "quality_total_score": 73.19999999999997,
      "quality_max_score": 152.0,
      "end_to_end_max_score": 152.0,
      "quality_score": 0.4815789473684209,
      "end_to_end_score": 0.4815789473684209,
      "ok_rate": 1.0
    },
    "B1": {
      "count": 210,
      "quality_count": 210,
      "quality_total_score": 317.80000000000024,
      "quality_max_score": 420.0,
      "end_to_end_max_score": 420.0,
      "quality_score": 0.7566666666666673,
      "end_to_end_score": 0.7566666666666673,
      "ok_rate": 1.0
    },
    "B2": {
      "count": 210,
      "quality_count": 210,
      "quality_total_score": 246.7999999999999,
      "quality_max_score": 420.0,
      "end_to_end_max_score": 420.0,
      "quality_score": 0.5876190476190474,
      "end_to_end_score": 0.5876190476190474,
      "ok_rate": 1.0
    },
    "C2": {
      "count": 137,
      "quality_count": 137,
      "quality_total_score": 337.9999999999997,
      "quality_max_score": 548.0,
      "end_to_end_max_score": 548.0,
      "quality_score": 0.6167883211678827,
      "end_to_end_score": 0.6167883211678827,
      "ok_rate": 1.0
    },
    "C3": {
      "count": 13,
      "quality_count": 13,
      "quality_total_score": 44.00000000000001,
      "quality_max_score": 52.0,
      "end_to_end_max_score": 52.0,
      "quality_score": 0.8461538461538463,
      "end_to_end_score": 0.8461538461538463,
      "ok_rate": 1.0
    },
    "G1": {
      "count": 112,
      "quality_count": 112,
      "quality_total_score": 169.40000000000003,
      "quality_max_score": 224.0,
      "end_to_end_max_score": 224.0,
      "quality_score": 0.7562500000000002,
      "end_to_end_score": 0.7562500000000002,
      "ok_rate": 1.0
    },
    "G2": {
      "count": 92,
      "quality_count": 92,
      "quality_total_score": 123.99999999999997,
      "quality_max_score": 184.0,
      "end_to_end_max_score": 184.0,
      "quality_score": 0.6739130434782608,
      "end_to_end_score": 0.6739130434782608,
      "ok_rate": 1.0
    }
  },
  "breakdown_by_task_subtype": {
    "condition_role_identification": {
      "count": 92,
      "quality_count": 92,
      "quality_total_score": 123.99999999999997,
      "quality_max_score": 184.0,
      "end_to_end_max_score": 184.0,
      "quality_score": 0.6739130434782608,
      "end_to_end_score": 0.6739130434782608,
      "ok_rate": 1.0
    },
    "immediate_precursor_prediction": {
      "count": 210,
      "quality_count": 210,
      "quality_total_score": 317.80000000000024,
      "quality_max_score": 420.0,
      "end_to_end_max_score": 420.0,
      "quality_score": 0.7566666666666673,
      "end_to_end_score": 0.7566666666666673,
      "ok_rate": 1.0
    },
    "immediate_precursor_with_disconnection": {
      "count": 210,
      "quality_count": 210,
      "quality_total_score": 246.7999999999999,
      "quality_max_score": 420.0,
      "end_to_end_max_score": 420.0,
      "quality_score": 0.5876190476190474,
      "end_to_end_score": 0.5876190476190474,
      "ok_rate": 1.0
    },
    "mechanistic_classification": {
      "count": 76,
      "quality_count": 76,
      "quality_total_score": 73.19999999999997,
      "quality_max_score": 152.0,
      "end_to_end_max_score": 152.0,
      "quality_score": 0.4815789473684209,
      "end_to_end_score": 0.4815789473684209,
      "ok_rate": 1.0
    },
    "reaction_center_identification": {
      "count": 76,
      "quality_count": 76,
      "quality_total_score": 139.99999999999994,
      "quality_max_score": 152.0,
      "end_to_end_max_score": 152.0,
      "quality_score": 0.921052631578947,
      "end_to_end_score": 0.921052631578947,
      "ok_rate": 1.0
    },
    "reagent_role_identification": {
      "count": 112,
      "quality_count": 112,
      "quality_total_score": 169.40000000000003,
      "quality_max_score": 224.0,
      "end_to_end_max_score": 224.0,
      "quality_score": 0.7562500000000002,
      "end_to_end_score": 0.7562500000000002,
      "ok_rate": 1.0
    },
    "reference_route_planning": {
      "count": 137,
      "quality_count": 137,
      "quality_total_score": 337.9999999999997,
      "quality_max_score": 548.0,
      "end_to_end_max_score": 548.0,
      "quality_score": 0.6167883211678827,
      "end_to_end_score": 0.6167883211678827,
      "ok_rate": 1.0
    },
    "route_design": {
      "count": 13,
      "quality_count": 13,
      "quality_total_score": 44.00000000000001,
      "quality_max_score": 52.0,
      "end_to_end_max_score": 52.0,
      "quality_score": 0.8461538461538463,
      "end_to_end_score": 0.8461538461538463,
      "ok_rate": 1.0
    },
    "transformation_classification": {
      "count": 64,
      "quality_count": 64,
      "quality_total_score": 113.39999999999998,
      "quality_max_score": 128.0,
      "end_to_end_max_score": 128.0,
      "quality_score": 0.8859374999999998,
      "end_to_end_score": 0.8859374999999998,
      "ok_rate": 1.0
    }
  },
  "breakdown_by_task_mode": {
    "constrained_generation": {
      "count": 420,
      "quality_count": 420,
      "quality_total_score": 564.6000000000014,
      "quality_max_score": 840.0,
      "end_to_end_max_score": 840.0,
      "quality_score": 0.6721428571428588,
      "end_to_end_score": 0.6721428571428588,
      "ok_rate": 1.0
    },
    "grounding_extraction": {
      "count": 204,
      "quality_count": 204,
      "quality_total_score": 293.4000000000001,
      "quality_max_score": 408.0,
      "end_to_end_max_score": 408.0,