{
  "A1": {
    "count": 140,
    "quality_count": 140,
    "quality_total_score": 254.19999999999987,
    "quality_max_score": 280.0,
    "end_to_end_max_score": 280.0,
    "quality_score": 0.9078571428571424,
    "end_to_end_score": 0.9078571428571424,
    "ok_rate": 1.0
  },
  "A2": {
    "count": 76,
    "quality_count": 76,
    "quality_total_score": 100.59999999999995,
    "quality_max_score": 152.0,
    "end_to_end_max_score": 152.0,
    "quality_score": 0.6618421052631576,
    "end_to_end_score": 0.6618421052631576,
    "ok_rate": 1.0
  },
  "B1": {
    "count": 210,
    "quality_count": 167,
    "quality_total_score": 250.36,
    "quality_max_score": 334.0,
    "end_to_end_max_score": 420.0,
    "quality_score": 0.7495808383233533,
    "end_to_end_score": 0.5960952380952381,
    "ok_rate": 0.7952380952380952
  },
  "B2": {
    "count": 210,
    "quality_count": 210,
    "quality_total_score": 262.2,
    "quality_max_score": 420.0,
    "end_to_end_max_score": 420.0,
    "quality_score": 0.6242857142857142,
    "end_to_end_score": 0.6242857142857142,
    "ok_rate": 1.0
  },
  "C2": {
    "count": 137,
    "quality_count": 137,
    "quality_total_score": 345.19999999999976,
    "quality_max_score": 548.0,
    "end_to_end_max_score": 548.0,
    "quality_score": 0.6299270072992696,
    "end_to_end_score": 0.6299270072992696,
    "ok_rate": 1.0
  },
  "C3": {
    "count": 13,
    "quality_count": 13,
    "quality_total_score": 44.800000000000004,
    "quality_max_score": 52.0,
    "end_to_end_max_score": 52.0,
    "quality_score": 0.8615384615384616,
    "end_to_end_score": 0.8615384615384616,
    "ok_rate": 1.0
  },
  "G1": {
    "count": 112,
    "quality_count": 112,
    "quality_total_score": 167.0,
    "quality_max_score": 224.0,
    "end_to_end_max_score": 224.0,
    "quality_score": 0.7455357142857143,
    "end_to_end_score": 0.7455357142857143,
    "ok_rate": 1.0
  },
  "G2": {
    "count": 92,
    "quality_count": 92,
    "quality_total_score": 127.39999999999998,
    "quality_max_score": 184.0,
    "end_to_end_max_score": 184.0,
    "quality_score": 0.6923913043478259,
    "end_to_end_score": 0.6923913043478259,
    "ok_rate": 1.0
  }
}