{
  "full_synthesis": {
    "count": 150,
    "quality_count": 150,
    "quality_total_score": 382.3999999999998,
    "quality_max_score": 600.0,
    "quality_normalized_score": 0.637333333333333,
    "ok_rate": 1.0
  },
  "reaction_description": {
    "count": 420,
    "quality_count": 420,
    "quality_total_score": 645.2000000000013,
    "quality_max_score": 840.0,
    "quality_normalized_score": 0.7680952380952396,
    "ok_rate": 1.0
  },
  "text": {
    "count": 420,
    "quality_count": 420,
    "quality_total_score": 311.9999999999998,
    "quality_max_score": 840.0,
    "quality_normalized_score": 0.37142857142857116,
    "ok_rate": 1.0
  }
}
