{
  "condition_role_identification": {
    "count": 92,
    "quality_count": 92,
    "quality_total_score": 127.39999999999998,
    "quality_max_score": 184.0,
    "end_to_end_max_score": 184.0,
    "quality_score": 0.6923913043478259,
    "end_to_end_score": 0.6923913043478259,
    "ok_rate": 1.0
  },
  "immediate_precursor_prediction": {
    "count": 210,
    "quality_count": 167,
    "quality_total_score": 250.36,
    "quality_max_score": 334.0,
    "end_to_end_max_score": 420.0,
    "quality_score": 0.7495808383233533,
    "end_to_end_score": 0.5960952380952381,
    "ok_rate": 0.7952380952380952
  },
  "immediate_precursor_with_disconnection": {
    "count": 210,
    "quality_count": 210,
    "quality_total_score": 262.2,
    "quality_max_score": 420.0,
    "end_to_end_max_score": 420.0,
    "quality_score": 0.6242857142857142,
    "end_to_end_score": 0.6242857142857142,
    "ok_rate": 1.0
  },
  "mechanistic_classification": {
    "count": 76,
    "quality_count": 76,
    "quality_total_score": 100.59999999999995,
    "quality_max_score": 152.0,
    "end_to_end_max_score": 152.0,
    "quality_score": 0.6618421052631576,
    "end_to_end_score": 0.6618421052631576,
    "ok_rate": 1.0
  },
  "reaction_center_identification": {
    "count": 76,
    "quality_count": 76,
    "quality_total_score": 145.39999999999995,
    "quality_max_score": 152.0,
    "end_to_end_max_score": 152.0,
    "quality_score": 0.9565789473684208,
    "end_to_end_score": 0.9565789473684208,
    "ok_rate": 1.0
  },
  "reagent_role_identification": {
    "count": 112,
    "quality_count": 112,
    "quality_total_score": 167.0,
    "quality_max_score": 224.0,
    "end_to_end_max_score": 224.0,
    "quality_score": 0.7455357142857143,
    "end_to_end_score": 0.7455357142857143,
    "ok_rate": 1.0
  },
  "reference_route_planning": {
    "count": 137,
    "quality_count": 137,
    "quality_total_score": 345.19999999999976,
    "quality_max_score": 548.0,
    "end_to_end_max_score": 548.0,
    "quality_score": 0.6299270072992696,
    "end_to_end_score": 0.6299270072992696,
    "ok_rate": 1.0
  },
  "route_design": {
    "count": 13,
    "quality_count": 13,
    "quality_total_score": 44.800000000000004,
    "quality_max_score": 52.0,
    "end_to_end_max_score": 52.0,
    "quality_score": 0.8615384615384616,
    "end_to_end_score": 0.8615384615384616,
    "ok_rate": 1.0
  },
  "transformation_classification": {
    "count": 64,
    "quality_count": 64,
    "quality_total_score": 108.79999999999997,
    "quality_max_score": 128.0,
    "end_to_end_max_score": 128.0,
    "quality_score": 0.8499999999999998,
    "end_to_end_score": 0.8499999999999998,
    "ok_rate": 1.0
  }
}