{
  "reaction_description": {
    "count": 420,
    "quality_count": 420,
    "quality_total_score": 649.2000000000012,
    "quality_max_score": 840.0,
    "quality_normalized_score": 0.7728571428571442,
    "ok_rate": 1.0
  },
  "text": {
    "count": 420,
    "quality_count": 377,
    "quality_total_score": 512.5600000000014,
    "quality_max_score": 754.0,
    "quality_normalized_score": 0.6797877984084899,
    "ok_rate": 0.8976190476190476
  },
  "full_synthesis": {
    "count": 150,
    "quality_count": 150,
    "quality_total_score": 389.99999999999983,
    "quality_max_score": 600.0,
    "quality_normalized_score": 0.6499999999999997,
    "ok_rate": 1.0
  }
}