{
  "A": {
    "count": 216,
    "quality_count": 216,
    "quality_total_score": 354.80000000000024,
    "quality_max_score": 432.0,
    "end_to_end_max_score": 432.0,
    "quality_score": 0.8212962962962969,
    "end_to_end_score": 0.8212962962962969,
    "ok_rate": 1.0
  },
  "B": {
    "count": 420,
    "quality_count": 377,
    "quality_total_score": 512.5600000000014,
    "quality_max_score": 754.0,
    "end_to_end_max_score": 840.0,
    "quality_score": 0.6797877984084899,
    "end_to_end_score": 0.6101904761904778,
    "ok_rate": 0.8976190476190476
  },
  "C": {
    "count": 150,
    "quality_count": 150,
    "quality_total_score": 389.99999999999983,
    "quality_max_score": 600.0,
    "end_to_end_max_score": 600.0,
    "quality_score": 0.6499999999999997,
    "end_to_end_score": 0.6499999999999997,
    "ok_rate": 1.0
  },
  "G": {
    "count": 204,
    "quality_count": 204,
    "quality_total_score": 294.39999999999975,
    "quality_max_score": 408.0,
    "end_to_end_max_score": 408.0,
    "quality_score": 0.7215686274509798,
    "end_to_end_score": 0.7215686274509798,
    "ok_rate": 1.0
  }
}