{
  "total_rows": 990,
  "overall_quality_total_score": 1551.76,
  "overall_quality_max_score": 2194.0,
  "overall_quality_score": 0.707274384685506,
  "overall_end_to_end_score": 0.6805964912280702,
  "judge_input_tokens_total": 2973330,
  "judge_output_tokens_total": 1014360,
  "judge_total_tokens_total": 3987690,
  "judge_reasoning_tokens_total": 776519,
  "judge_requests_total": 947,
  "judge_tool_calls_total": 0,
  "reliability_ok_count": 947,
  "reliability_ok_rate": 0.9565656565656566,
  "infra_error_count": {
    "judge_error": 43
  },
  "infra_error_rate": {
    "judge_error": 0.043434343434343436
  },
  "errors_sample": [],
  "taxonomy_version": "benchmark_taxonomy",
  "core_suites": [
    "A",
    "B",
    "C"
  ],
  "auxiliary_suites": [
    "G"
  ],
  "macro_depth_quality_score": 0.7170280315682621,
  "macro_depth_end_to_end_score": 0.6938289241622582,
  "auxiliary_grounding_quality_score": 0.7215686274509798,
  "auxiliary_grounding_end_to_end_score": 0.7215686274509798,
  "breakdown_by_suite": {
    "A": {
      "count": 216,
      "quality_count": 216,
      "quality_total_score": 354.80000000000024,
      "quality_max_score": 432.0,
      "end_to_end_max_score": 432.0,
      "quality_score": 0.8212962962962969,
      "end_to_end_score": 0.8212962962962969,
      "ok_rate": 1.0
    },
    "B": {
      "count": 420,
      "quality_count": 377,
      "quality_total_score": 512.5600000000014,
      "quality_max_score": 754.0,
      "end_to_end_max_score": 840.0,
      "quality_score": 0.6797877984084899,
      "end_to_end_score": 0.6101904761904778,
      "ok_rate": 0.8976190476190476
    },
    "C": {
      "count": 150,
      "quality_count": 150,
      "quality_total_score": 389.99999999999983,
      "quality_max_score": 600.0,
      "end_to_end_max_score": 600.0,
      "quality_score": 0.6499999999999997,
      "end_to_end_score": 0.6499999999999997,
      "ok_rate": 1.0
    },
    "G": {
      "count": 204,
      "quality_count": 204,
      "quality_total_score": 294.39999999999975,
      "quality_max_score": 408.0,
      "end_to_end_max_score": 408.0,
      "quality_score": 0.7215686274509798,
      "end_to_end_score": 0.7215686274509798,
      "ok_rate": 1.0
    }
  },
  "breakdown_by_subtrack": {
    "A1": {
      "count": 140,
      "quality_count": 140,
      "quality_total_score": 254.19999999999987,
      "quality_max_score": 280.0,
      "end_to_end_max_score": 280.0,
      "quality_score": 0.9078571428571424,
      "end_to_end_score": 0.9078571428571424,
      "ok_rate": 1.0
    },
    "A2": {
      "count": 76,
      "quality_count": 76,
      "quality_total_score": 100.59999999999995,
      "quality_max_score": 152.0,
      "end_to_end_max_score": 152.0,
      "quality_score": 0.6618421052631576,
      "end_to_end_score": 0.6618421052631576,
      "ok_rate": 1.0
    },
    "B1": {
      "count": 210,
      "quality_count": 167,
      "quality_total_score": 250.36,
      "quality_max_score": 334.0,
      "end_to_end_max_score": 420.0,
      "quality_score": 0.7495808383233533,
      "end_to_end_score": 0.5960952380952381,
      "ok_rate": 0.7952380952380952
    },
    "B2": {
      "count": 210,
      "quality_count": 210,
      "quality_total_score": 262.2,
      "quality_max_score": 420.0,
      "end_to_end_max_score": 420.0,
      "quality_score": 0.6242857142857142,
      "end_to_end_score": 0.6242857142857142,
      "ok_rate": 1.0
    },
    "C2": {
      "count": 137,
      "quality_count": 137,
      "quality_total_score": 345.19999999999976,
      "quality_max_score": 548.0,
      "end_to_end_max_score": 548.0,
      "quality_score": 0.6299270072992696,
      "end_to_end_score": 0.6299270072992696,
      "ok_rate": 1.0
    },
    "C3": {
      "count": 13,
      "quality_count": 13,
      "quality_total_score": 44.800000000000004,
      "quality_max_score": 52.0,
      "end_to_end_max_score": 52.0,
      "quality_score": 0.8615384615384616,
      "end_to_end_score": 0.8615384615384616,
      "ok_rate": 1.0
    },
    "G1": {
      "count": 112,
      "quality_count": 112,
      "quality_total_score": 167.0,
      "quality_max_score": 224.0,
      "end_to_end_max_score": 224.0,
      "quality_score": 0.7455357142857143,
      "end_to_end_score": 0.7455357142857143,
      "ok_rate": 1.0
    },
    "G2": {
      "count": 92,
      "quality_count": 92,
      "quality_total_score": 127.39999999999998,
      "quality_max_score": 184.0,
      "end_to_end_max_score": 184.0,
      "quality_score": 0.6923913043478259,
      "end_to_end_score": 0.6923913043478259,
      "ok_rate": 1.0
    }
  },
  "breakdown_by_task_subtype": {
    "condition_role_identification": {
      "count": 92,
      "quality_count": 92,
      "quality_total_score": 127.39999999999998,
      "quality_max_score": 184.0,
      "end_to_end_max_score": 184.0,
      "quality_score": 0.6923913043478259,
      "end_to_end_score": 0.6923913043478259,
      "ok_rate": 1.0
    },
    "immediate_precursor_prediction": {
      "count": 210,
      "quality_count": 167,
      "quality_total_score": 250.36,
      "quality_max_score": 334.0,
      "end_to_end_max_score": 420.0,
      "quality_score": 0.7495808383233533,
      "end_to_end_score": 0.5960952380952381,
      "ok_rate": 0.7952380952380952
    },
    "immediate_precursor_with_disconnection": {
      "count": 210,
      "quality_count": 210,
      "quality_total_score": 262.2,
      "quality_max_score": 420.0,
      "end_to_end_max_score": 420.0,
      "quality_score": 0.6242857142857142,
      "end_to_end_score": 0.6242857142857142,
      "ok_rate": 1.0
    },
    "mechanistic_classification": {
      "count": 76,
      "quality_count": 76,
      "quality_total_score": 100.59999999999995,
      "quality_max_score": 152.0,
      "end_to_end_max_score": 152.0,
      "quality_score": 0.6618421052631576,
      "end_to_end_score": 0.6618421052631576,
      "ok_rate": 1.0
    },
    "reaction_center_identification": {
      "count": 76,
      "quality_count": 76,
      "quality_total_score": 145.39999999999995,
      "quality_max_score": 152.0,
      "end_to_end_max_score": 152.0,
      "quality_score": 0.9565789473684208,
      "end_to_end_score": 0.9565789473684208,
      "ok_rate": 1.0
    },
    "reagent_role_identification": {
      "count": 112,
      "quality_count": 112,
      "quality_total_score": 167.0,
      "quality_max_score": 224.0,
      "end_to_end_max_score": 224.0,
      "quality_score": 0.7455357142857143,
      "end_to_end_score": 0.7455357142857143,
      "ok_rate": 1.0
    },
    "reference_route_planning": {
      "count": 137,
      "quality_count": 137,
      "quality_total_score": 345.19999999999976,
      "quality_max_score": 548.0,
      "end_to_end_max_score": 548.0,
      "quality_score": 0.6299270072992696,
      "end_to_end_score": 0.6299270072992696,
      "ok_rate": 1.0
    },
    "route_design": {
      "count": 13,
      "quality_count": 13,
      "quality_total_score": 44.800000000000004,
      "quality_max_score": 52.0,
      "end_to_end_max_score": 52.0,
      "quality_score": 0.8615384615384616,
      "end_to_end_score": 0.8615384615384616,
      "ok_rate": 1.0
    },
    "transformation_classification": {
      "count": 64,
      "quality_count": 64,
      "quality_total_score": 108.79999999999997,
      "quality_max_score": 128.0,
      "end_to_end_max_score": 128.0,
      "quality_score": 0.8499999999999998,
      "end_to_end_score": 0.8499999999999998,
      "ok_rate": 1.0
    }
  },
  "breakdown_by_task_mode": {
    "constrained_generation": {
      "count": 420,
      "quality_count": 377,
      "quality_total_score": 512.5600000000014,
      "quality_max_score": 754.0,
      "end_to_end_max_score": 840.0,
      "quality_score": 0.6797877984084899,
      "end_to_end_score": 0.6101904761904778,
      "ok_rate": 0.8976190476190476
    },
    "grounding_extraction": {
      "count": 204,
      "quality_count": 204,
      "quality_total_score": 294.39999999999975,