{
  "constrained_generation": {
    "count": 420,
    "quality_count": 420,
    "quality_total_score": 573.6000000000013,
    "quality_max_score": 840.0,
    "end_to_end_max_score": 840.0,
    "quality_score": 0.6828571428571444,
    "end_to_end_score": 0.6828571428571444,
    "ok_rate": 1.0
  },
  "grounding_extraction": {
    "count": 204,
    "quality_count": 204,
    "quality_total_score": 282.2000000000001,
    "quality_max_score": 408.0,
    "end_to_end_max_score": 408.0,
    "quality_score": 0.6916666666666669,
    "end_to_end_score": 0.6916666666666669,
    "ok_rate": 1.0
  },
  "open_planning": {
    "count": 150,
    "quality_count": 150,
    "quality_total_score": 371.59999999999997,
    "quality_max_score": 600.0,
    "end_to_end_max_score": 600.0,
    "quality_score": 0.6193333333333333,
    "end_to_end_score": 0.6193333333333333,
    "ok_rate": 1.0
  },
  "recognition": {
    "count": 216,
    "quality_count": 216,
    "quality_total_score": 346.0000000000001,
    "quality_max_score": 432.0,
    "end_to_end_max_score": 432.0,
    "quality_score": 0.8009259259259262,
    "end_to_end_score": 0.8009259259259262,
    "ok_rate": 1.0
  }
}