{
  "condition_role_identification": {
    "count": 92,
    "quality_count": 92,
    "quality_total_score": 118.2,
    "quality_max_score": 184.0,
    "end_to_end_max_score": 184.0,
    "quality_score": 0.6423913043478261,
    "end_to_end_score": 0.6423913043478261,
    "ok_rate": 1.0
  },
  "immediate_precursor_prediction": {
    "count": 210,
    "quality_count": 210,
    "quality_total_score": 314.6000000000002,
    "quality_max_score": 420.0,
    "end_to_end_max_score": 420.0,
    "quality_score": 0.7490476190476195,
    "end_to_end_score": 0.7490476190476195,
    "ok_rate": 1.0
  },
  "immediate_precursor_with_disconnection": {
    "count": 210,
    "quality_count": 210,
    "quality_total_score": 258.9999999999999,
    "quality_max_score": 420.0,
    "end_to_end_max_score": 420.0,
    "quality_score": 0.6166666666666664,
    "end_to_end_score": 0.6166666666666664,
    "ok_rate": 1.0
  },
  "mechanistic_classification": {
    "count": 76,
    "quality_count": 76,
    "quality_total_score": 86.39999999999996,
    "quality_max_score": 152.0,
    "end_to_end_max_score": 152.0,
    "quality_score": 0.5684210526315787,
    "end_to_end_score": 0.5684210526315787,
    "ok_rate": 1.0
  },
  "reaction_center_identification": {
    "count": 76,
    "quality_count": 76,
    "quality_total_score": 137.19999999999996,
    "quality_max_score": 152.0,
    "end_to_end_max_score": 152.0,
    "quality_score": 0.9026315789473681,
    "end_to_end_score": 0.9026315789473681,
    "ok_rate": 1.0
  },
  "reagent_role_identification": {
    "count": 112,
    "quality_count": 112,
    "quality_total_score": 164.00000000000006,
    "quality_max_score": 224.0,
    "end_to_end_max_score": 224.0,
    "quality_score": 0.7321428571428574,
    "end_to_end_score": 0.7321428571428574,
    "ok_rate": 1.0
  },
  "reference_route_planning": {
    "count": 137,
    "quality_count": 137,
    "quality_total_score": 330.79999999999995,
    "quality_max_score": 548.0,
    "end_to_end_max_score": 548.0,
    "quality_score": 0.6036496350364963,
    "end_to_end_score": 0.6036496350364963,
    "ok_rate": 1.0
  },
  "route_design": {
    "count": 13,
    "quality_count": 13,
    "quality_total_score": 40.800000000000004,
    "quality_max_score": 52.0,
    "end_to_end_max_score": 52.0,
    "quality_score": 0.7846153846153847,
    "end_to_end_score": 0.7846153846153847,
    "ok_rate": 1.0
  },
  "transformation_classification": {
    "count": 64,
    "quality_count": 64,
    "quality_total_score": 122.39999999999996,
    "quality_max_score": 128.0,
    "end_to_end_max_score": 128.0,
    "quality_score": 0.9562499999999997,
    "end_to_end_score": 0.9562499999999997,
    "ok_rate": 1.0
  }
}