{
  "full_synthesis": {
    "count": 150,
    "quality_count": 150,
    "quality_total_score": 371.59999999999997,
    "quality_max_score": 600.0,
    "quality_normalized_score": 0.6193333333333333,
    "ok_rate": 1.0
  },
  "reaction_description": {
    "count": 420,
    "quality_count": 420,
    "quality_total_score": 628.2000000000006,
    "quality_max_score": 840.0,
    "quality_normalized_score": 0.7478571428571436,
    "ok_rate": 1.0
  },
  "text": {
    "count": 420,
    "quality_count": 420,
    "quality_total_score": 286.60000000000014,
    "quality_max_score": 840.0,
    "quality_normalized_score": 0.3411904761904764,
    "ok_rate": 1.0
  }
}
