{
  "A": {
    "count": 216,
    "quality_count": 216,
    "quality_total_score": 104.19999999999996,
    "quality_max_score": 432.0,
    "end_to_end_max_score": 432.0,
    "quality_score": 0.24120370370370361,
    "end_to_end_score": 0.24120370370370361,
    "ok_rate": 1.0
  },
  "B": {
    "count": 420,
    "quality_count": 420,
    "quality_total_score": 61.59999999999994,
    "quality_max_score": 840.0,
    "end_to_end_max_score": 840.0,
    "quality_score": 0.07333333333333326,
    "end_to_end_score": 0.07333333333333326,
    "ok_rate": 1.0
  },
  "C": {
    "count": 150,
    "quality_count": 150,
    "quality_total_score": 17.6,
    "quality_max_score": 600.0,
    "end_to_end_max_score": 600.0,
    "quality_score": 0.029333333333333336,
    "end_to_end_score": 0.029333333333333336,
    "ok_rate": 1.0
  },
  "G": {
    "count": 204,
    "quality_count": 204,
    "quality_total_score": 133.60000000000016,
    "quality_max_score": 408.0,
    "end_to_end_max_score": 408.0,
    "quality_score": 0.32745098039215725,
    "end_to_end_score": 0.32745098039215725,
    "ok_rate": 1.0
  }
}