{
  "condition_role_identification": {
    "count": 92,
    "quality_count": 92,
    "quality_total_score": 69.39999999999998,
    "quality_max_score": 184.0,
    "end_to_end_max_score": 184.0,
    "quality_score": 0.37717391304347814,
    "end_to_end_score": 0.37717391304347814,
    "ok_rate": 1.0
  },
  "immediate_precursor_prediction": {
    "count": 210,
    "quality_count": 210,
    "quality_total_score": 39.39999999999997,
    "quality_max_score": 420.0,
    "end_to_end_max_score": 420.0,
    "quality_score": 0.09380952380952373,
    "end_to_end_score": 0.09380952380952373,
    "ok_rate": 1.0
  },
  "immediate_precursor_with_disconnection": {
    "count": 210,
    "quality_count": 210,
    "quality_total_score": 22.19999999999999,
    "quality_max_score": 420.0,
    "end_to_end_max_score": 420.0,
    "quality_score": 0.05285714285714283,
    "end_to_end_score": 0.05285714285714283,
    "ok_rate": 1.0
  },
  "mechanistic_classification": {
    "count": 76,
    "quality_count": 76,
    "quality_total_score": 26.199999999999974,
    "quality_max_score": 152.0,
    "end_to_end_max_score": 152.0,
    "quality_score": 0.17236842105263142,
    "end_to_end_score": 0.17236842105263142,
    "ok_rate": 1.0
  },
  "reaction_center_identification": {
    "count": 76,
    "quality_count": 76,
    "quality_total_score": 25.599999999999998,
    "quality_max_score": 152.0,
    "end_to_end_max_score": 152.0,
    "quality_score": 0.16842105263157894,
    "end_to_end_score": 0.16842105263157894,
    "ok_rate": 1.0
  },
  "reagent_role_identification": {
    "count": 112,
    "quality_count": 112,
    "quality_total_score": 64.19999999999995,
    "quality_max_score": 224.0,
    "end_to_end_max_score": 224.0,
    "quality_score": 0.2866071428571426,
    "end_to_end_score": 0.2866071428571426,
    "ok_rate": 1.0
  },
  "reference_route_planning": {
    "count": 137,
    "quality_count": 137,
    "quality_total_score": 7.999999999999999,
    "quality_max_score": 548.0,
    "end_to_end_max_score": 548.0,
    "quality_score": 0.0145985401459854,
    "end_to_end_score": 0.0145985401459854,
    "ok_rate": 1.0
  },
  "route_design": {
    "count": 13,
    "quality_count": 13,
    "quality_total_score": 9.600000000000001,
    "quality_max_score": 52.0,
    "end_to_end_max_score": 52.0,
    "quality_score": 0.18461538461538465,
    "end_to_end_score": 0.18461538461538465,
    "ok_rate": 1.0
  },
  "transformation_classification": {
    "count": 64,
    "quality_count": 64,
    "quality_total_score": 52.39999999999999,
    "quality_max_score": 128.0,
    "end_to_end_max_score": 128.0,
    "quality_score": 0.40937499999999993,
    "end_to_end_score": 0.40937499999999993,
    "ok_rate": 1.0
  }
}